{"D:\\Research in Missing Metrics\\Python\\Maintainability Rating (SQALE A\u2013E)\\workspace\\sqale_rating_benchmark\\cases\\clean.py": {"total": {"h1": 1, "h2": 2, "N1": 1, "N2": 2, "vocabulary": 3, "length": 3, "calculated_length": 2.0, "volume": 4.754887502163469, "difficulty": 0.5, "effort": 2.3774437510817346, "time": 0.1320802083934297, "bugs": 0.0015849625007211565}, "functions": {"add": {"h1": 1, "h2": 2, "N1": 1, "N2": 2, "vocabulary": 3, "length": 3, "calculated_length": 2.0, "volume": 4.754887502163469, "difficulty": 0.5, "effort": 2.3774437510817346, "time": 0.1320802083934297, "bugs": 0.0015849625007211565}}}, "D:\\Research in Missing Metrics\\Python\\Maintainability Rating (SQALE A\u2013E)\\workspace\\sqale_rating_benchmark\\cases\\complex.py": {"total": {"h1": 2, "h2": 19, "N1": 17, "N2": 34, "vocabulary": 21, "length": 51, "calculated_length": 82.71062275542812, "volume": 224.0081885617168, "difficulty": 1.7894736842105263, "effort": 400.85675847886165, "time": 22.269819915492313, "bugs": 0.07466939618723893}, "functions": {"complex_router": {"h1": 1, "h2": 13, "N1": 12, "N2": 24, "vocabulary": 14, "length": 36, "calculated_length": 48.105716335834195, "volume": 137.06477719407374, "difficulty": 0.9230769230769231, "effort": 126.52133279452961, "time": 7.0289629330294225, "bugs": 0.04568825906469125}, "nested_decisions": {"h1": 1, "h2": 6, "N1": 5, "N2": 10, "vocabulary": 7, "length": 15, "calculated_length": 15.509775004326936, "volume": 42.11032383086406, "difficulty": 0.8333333333333334, "effort": 35.09193652572005, "time": 1.9495520292066695, "bugs": 0.01403677461028802}}}, "D:\\Research in Missing Metrics\\Python\\Maintainability Rating (SQALE A\u2013E)\\workspace\\sqale_rating_benchmark\\cases\\duplicate_code_a.py": {"total": {"h1": 4, "h2": 8, "N1": 9, "N2": 18, "vocabulary": 12, "length": 27, "calculated_length": 32.0, "volume": 96.79398751947123, "difficulty": 4.5, "effort": 435.5729438376205, "time": 24.198496879867808, "bugs": 0.03226466250649041}, "functions": {"duplicate_logic_alpha": {"h1": 4, "h2": 8, "N1": 9, "N2": 18, "vocabulary": 12, "length": 27, "calculated_length": 32.0, "volume": 96.79398751947123, "difficulty": 4.5, "effort": 435.5729438376205, "time": 24.198496879867808, "bugs": 0.03226466250649041}}}, "D:\\Research in Missing Metrics\\Python\\Maintainability Rating (SQALE A\u2013E)\\workspace\\sqale_rating_benchmark\\cases\\duplicate_code_b.py": {"total": {"h1": 4, "h2": 8, "N1": 9, "N2": 18, "vocabulary": 12, "length": 27, "calculated_length": 32.0, "volume": 96.79398751947123, "difficulty": 4.5, "effort": 435.5729438376205, "time": 24.198496879867808, "bugs": 0.03226466250649041}, "functions": {"duplicate_logic_beta": {"h1": 4, "h2": 8, "N1": 9, "N2": 18, "vocabulary": 12, "length": 27, "calculated_length": 32.0, "volume": 96.79398751947123, "difficulty": 4.5, "effort": 435.5729438376205, "time": 24.198496879867808, "bugs": 0.03226466250649041}}}, "D:\\Research in Missing Metrics\\Python\\Maintainability Rating (SQALE A\u2013E)\\workspace\\sqale_rating_benchmark\\cases\\moderate.py": {"total": {"h1": 2, "h2": 6, "N1": 4, "N2": 8, "vocabulary": 8, "length": 12, "calculated_length": 17.509775004326936, "volume": 36.0, "difficulty": 1.3333333333333333, "effort": 48.0, "time": 2.6666666666666665, "bugs": 0.012}, "functions": {"classify": {"h1": 1, "h2": 4, "N1": 3, "N2": 6, "vocabulary": 5, "length": 9, "calculated_length": 8.0, "volume": 20.89735285398626, "difficulty": 0.75, "effort": 15.673014640489694, "time": 0.8707230355827608, "bugs": 0.0069657842846620865}, "summarize": {"h1": 1, "h2": 2, "N1": 1, "N2": 2, "vocabulary": 3, "length": 3, "calculated_length": 2.0, "volume": 4.754887502163469, "difficulty": 0.5, "effort": 2.3774437510817346, "time": 0.1320802083934297, "bugs": 0.0015849625007211565}}}, "D:\\Research in Missing Metrics\\Python\\Maintainability Rating (SQALE A\u2013E)\\workspace\\sqale_rating_benchmark\\cases\\too_many_ancestors.py": {"total": {"h1": 0, "h2": 0, "N1": 0, "N2": 0, "vocabulary": 0, "length": 0, "calculated_length": 0, "volume": 0, "difficulty": 0, "effort": 0, "time": 0.0, "bugs": 0.0}, "functions": {}}, "D:\\Research in Missing Metrics\\Python\\Maintainability Rating (SQALE A\u2013E)\\workspace\\sqale_rating_benchmark\\cases\\too_many_arguments.py": {"total": {"h1": 1, "h2": 14, "N1": 7, "N2": 14, "vocabulary": 15, "length": 21, "calculated_length": 53.30296890880645, "volume": 82.0447025077789, "difficulty": 0.5, "effort": 41.02235125388945, "time": 2.279019514104969, "bugs": 0.02734823416925963}, "functions": {"too_many_arguments": {"h1": 1, "h2": 14, "N1": 7, "N2": 14, "vocabulary": 15, "length": 21, "calculated_length": 53.30296890880645, "volume": 82.0447025077789, "difficulty": 0.5, "effort": 41.02235125388945, "time": 2.279019514104969, "bugs": 0.02734823416925963}}}, "D:\\Research in Missing Metrics\\Python\\Maintainability Rating (SQALE A\u2013E)\\workspace\\sqale_rating_benchmark\\cases\\too_many_boolean_expressions.py": {"total": {"h1": 1, "h2": 6, "N1": 1, "N2": 6, "vocabulary": 7, "length": 7, "calculated_length": 15.509775004326936, "volume": 19.651484454403228, "difficulty": 0.5, "effort": 9.825742227201614, "time": 0.5458745681778674, "bugs": 0.00655049481813441}, "functions": {"too_many_boolean_expressions": {"h1": 1, "h2": 6, "N1": 1, "N2": 6, "vocabulary": 7, "length": 7, "calculated_length": 15.509775004326936, "volume": 19.651484454403228, "difficulty": 0.5, "effort": 9.825742227201614, "time": 0.5458745681778674, "bugs": 0.00655049481813441}}}, "D:\\Research in Missing Metrics\\Python\\Maintainability Rating (SQALE A\u2013E)\\workspace\\sqale_rating_benchmark\\cases\\too_many_branches.py": {"total": {"h1": 2, "h2": 14, "N1": 14, "N2": 28, "vocabulary": 16, "length": 42, "calculated_length": 55.30296890880645, "volume": 168.0, "difficulty": 2.0, "effort": 336.0, "time": 18.666666666666668, "bugs": 0.056}, "functions": {"too_many_branches": {"h1": 2, "h2": 14, "N1": 14, "N2": 28, "vocabulary": 16, "length": 42, "calculated_length": 55.30296890880645, "volume": 168.0, "difficulty": 2.0, "effort": 336.0, "time": 18.666666666666668, "bugs": 0.056}}}, "D:\\Research in Missing Metrics\\Python\\Maintainability Rating (SQALE A\u2013E)\\workspace\\sqale_rating_benchmark\\cases\\too_many_instance_attributes.py": {"total": {"h1": 0, "h2": 0, "N1": 0, "N2": 0, "vocabulary": 0, "length": 0, "calculated_length": 0, "volume": 0, "difficulty": 0, "effort": 0, "time": 0.0, "bugs": 0.0}, "functions": {"__init__": {"h1": 0, "h2": 0, "N1": 0, "N2": 0, "vocabulary": 0, "length": 0, "calculated_length": 0, "volume": 0, "difficulty": 0, "effort": 0, "time": 0.0, "bugs": 0.0}}}, "D:\\Research in Missing Metrics\\Python\\Maintainability Rating (SQALE A\u2013E)\\workspace\\sqale_rating_benchmark\\cases\\too_many_locals.py": {"total": {"h1": 1, "h2": 47, "N1": 31, "N2": 62, "vocabulary": 48, "length": 93, "calculated_length": 261.06567602884894, "volume": 519.4015125670676, "difficulty": 0.6595744680851063, "effort": 342.5839763740233, "time": 19.032443131890183, "bugs": 0.17313383752235587}, "functions": {"too_many_locals": {"h1": 1, "h2": 47, "N1": 31, "N2": 62, "vocabulary": 48, "length": 93, "calculated_length": 261.06567602884894, "volume": 519.4015125670676, "difficulty": 0.6595744680851063, "effort": 342.5839763740233, "time": 19.032443131890183, "bugs": 0.17313383752235587}}}, "D:\\Research in Missing Metrics\\Python\\Maintainability Rating (SQALE A\u2013E)\\workspace\\sqale_rating_benchmark\\cases\\too_many_nested_blocks.py": {"total": {"h1": 1, "h2": 7, "N1": 6, "N2": 12, "vocabulary": 8, "length": 18, "calculated_length": 19.651484454403228, "volume": 54.0, "difficulty": 0.8571428571428571, "effort": 46.285714285714285, "time": 2.571428571428571, "bugs": 0.018}, "functions": {"too_many_nested_blocks": {"h1": 1, "h2": 7, "N1": 6, "N2": 12, "vocabulary": 8, "length": 18, "calculated_length": 19.651484454403228, "volume": 54.0, "difficulty": 0.8571428571428571,